msg,ttl
ICMP Destination Unreachable Communication with Destination Host is Administratively Prohibited,38
Consecutive TCP small segments exceeding threshold,39
Consecutive TCP small segments exceeding threshold,39
Consecutive TCP small segments exceeding threshold,39
Consecutive TCP small segments exceeding threshold,41
Consecutive TCP small segments exceeding threshold,39
Consecutive TCP small segments exceeding threshold,41
Consecutive TCP small segments exceeding threshold,41
Consecutive TCP small segments exceeding threshold,41
Consecutive TCP small segments exceeding threshold,41
Consecutive TCP small segments exceeding threshold,41
Consecutive TCP small segments exceeding threshold,39
Consecutive TCP small segments exceeding threshold,39
Consecutive TCP small segments exceeding threshold,39
Consecutive TCP small segments exceeding threshold,39
Consecutive TCP small segments exceeding threshold,39
ICMP Destination Unreachable Communication with Destination Host is Administratively Prohibited,38
ICMP Destination Unreachable Communication with Destination Host is Administratively Prohibited,43
ICMP Destination Unreachable Communication with Destination Host is Administratively Prohibited,38
ICMP Destination Unreachable Communication with Destination Host is Administratively Prohibited,41
ICMP Destination Unreachable Communication with Destination Host is Administratively Prohibited,38
ICMP Destination Unreachable Communication with Destination Host is Administratively Prohibited,38
ICMP Destination Unreachable Communication with Destination Host is Administratively Prohibited,38
TCP session without 3-way handshake,41
(spp_ssh) Protocol mismatch,41
TCP session without 3-way handshake,41
TCP session without 3-way handshake,41
(spp_ssh) Protocol mismatch,41
TCP session without 3-way handshake,41
TCP session without 3-way handshake,41
(spp_ssh) Protocol mismatch,41
TCP session without 3-way handshake,41
(spp_ssh) Protocol mismatch,41
TCP session without 3-way handshake,41
TCP session without 3-way handshake,41
(spp_ssh) Protocol mismatch,41
TCP session without 3-way handshake,41
TCP session without 3-way handshake,41
(spp_ssh) Protocol mismatch,41
TCP session without 3-way handshake,41
TCP session without 3-way handshake,41
(spp_ssh) Protocol mismatch,41
TCP session without 3-way handshake,41
TCP session without 3-way handshake,41
TCP session without 3-way handshake,41
TCP session without 3-way handshake,41
TCP session without 3-way handshake,41
TCP session without 3-way handshake,41
TCP session without 3-way handshake,41
ICMP Destination Unreachable Communication with Destination Host is Administratively Prohibited,41
